{"cameraMode":{"drawMode":0,"name":"Shaded","section":"Shading Mode"},"sceneLighting":true,"audioPlay":false,"sceneViewState":{"m_AlwaysRefresh":false,"showFog":true,"showSkybox":true,"showFlares":true,"showImageEffects":true,"showParticleSystems":true,"showVisualEffectGraphs":true,"m_FxEnabled":true},"in2DMode":false,"pivot":{"x":0.36215126514434817,"y":9.081448554992676,"z":8.975149154663086},"rotation":{"x":-0.3123553693294525,"y":-0.059227969497442248,"z":0.019520947709679605,"w":-0.9479241371154785},"size":1.2247449159622193,"orthographic":false}